model,mse,mae,r2,params
Lasso,39325.96287441833,165.0769470780235,0.8898364447076905,{'alpha': 0.1}
SVR,686209.961792241,709.1189961833336,-0.9222753504964564,"{'kernel': 'rbf', 'C': 1.0, 'epsilon': 0.1}"
MLP,26122.563426858986,120.07159899337904,0.926823038773613,"{'hidden_layer_sizes': (100, 50), 'max_iter': 1000}"
Decision Tree,73431.39441757445,200.56715632728745,0.7942971287201699,{'max_depth': 10}
Linear Regression,39325.92509470867,165.0768257726047,0.8898365505397371,{}
