Model,MSE,R²
Linear Regression,0.09080878112255397,0.8881824149740418
Lasso,0.12391275260625255,0.8474197695523427
SVR,0.06850999273028766,0.9156400753038622
Decision Tree,0.12034849244986731,0.8518086288472755
MLP,0.07067028627663115,0.9129799932686977
